{"cameraMode":{"drawMode":0,"name":"Shaded","section":"Shading Mode"},"sceneLighting":true,"audioPlay":false,"sceneViewState":{"m_AlwaysRefresh":false,"showFog":true,"showSkybox":true,"showFlares":true,"showImageEffects":true,"showParticleSystems":true,"showVisualEffectGraphs":true,"m_FxEnabled":true},"in2DMode":false,"pivot":{"x":17.66813850402832,"y":1.080695390701294,"z":7.53105354309082},"rotation":{"x":-0.029972612857818605,"y":0.9162939786911011,"z":-0.062452513724565509,"w":-0.39288124442100527},"size":0.3538297414779663,"orthographic":false}