{"cameraMode":{"drawMode":0,"name":"Shaded","section":"Shading Mode"},"sceneLighting":true,"audioPlay":false,"sceneViewState":{"m_AlwaysRefresh":false,"showFog":true,"showSkybox":true,"showFlares":true,"showImageEffects":true,"showParticleSystems":true,"showVisualEffectGraphs":true,"m_FxEnabled":true},"in2DMode":false,"pivot":{"x":18.315282821655275,"y":4.303835868835449,"z":7.046687602996826},"rotation":{"x":0.05631910264492035,"y":-0.9298801422119141,"z":0.16056933999061585,"w":0.3259967863559723},"size":0.5504876375198364,"orthographic":false}